﻿<?xml version="1.0" encoding="utf-8"?>
<publishData>
  <publishProfile publishUrl="\\pomweb11\d$\AtorresLabWebServer\ZohoBroker2015" deleteExistingFiles="True" ftpAnonymousLogin="False" ftpPassiveMode="True" msdeploySite="" msdeploySiteID="" msdeployRemoteSitePhysicalPath="" msdeployAllowUntrustedCertificate="False" msdeploySkipExtraFilesOnServer="True" msdeployMarkAsApp="False" profileName="Profile1" publishMethod="FileSystem" replaceMatchingFiles="False" userName="" savePWD="False" userPWD="" SelectedForPublish="True">
    <file relUrl="ZohoBroker.csproj.user" publishTime="03/02/2016 13:23:20" />
    <file relUrl="web.Debug.config" publishTime="01/20/2015 15:48:48" />
    <file relUrl="bin/ZohoBroker.dll" publishTime="03/08/2016 11:38:24" />
    <file relUrl="InboundCall.cs" publishTime="03/08/2016 11:38:14" />
    <file relUrl="Default.aspx.cs" publishTime="02/24/2015 15:29:32" />
    <file relUrl="ZohoBroker.Publish.xml" publishTime="03/08/2016 10:42:15" />
    <file relUrl="Properties/Settings.settings" publishTime="01/21/2015 12:32:14" />
    <file relUrl="bin/ZohoBroker.dll.CodeAnalysisLog.xml" publishTime="03/08/2016 11:38:27" />
    <file relUrl="Properties/AssemblyInfo.cs" publishTime="01/21/2015 14:34:02" />
    <file relUrl="ZohoBroker.csproj" publishTime="03/02/2016 13:23:20" />
    <file relUrl="bin/ZohoBroker.dll.lastcodeanalysissucceeded" publishTime="03/08/2016 11:38:27" />
    <file relUrl="Encryptor.cs" publishTime="01/28/2015 10:01:10" />
    <file relUrl="web.Release.config" publishTime="01/20/2015 15:48:49" />
    <file relUrl="dbAccess.cs" publishTime="03/19/2015 11:26:20" />
    <file relUrl="Properties/Settings.Designer.cs" publishTime="01/21/2015 12:32:14" />
    <file relUrl="Default.aspx.designer.cs" publishTime="03/19/2015 09:27:48" />
    <file relUrl="web.config" publishTime="08/14/2015 16:45:44" />
    <file relUrl="Global.asax" publishTime="01/16/2015 16:07:24" />
    <file relUrl="Default.aspx" publishTime="03/08/2016 08:35:47" />
    <file relUrl="Global.asax.cs" publishTime="03/08/2016 11:38:19" />
  </publishProfile>
  <publishProfile publishUrl="\\10.1.2.127\c$\inetpub\wwwroot\ZohoBroker" deleteExistingFiles="True" ftpAnonymousLogin="False" ftpPassiveMode="True" msdeploySite="" msdeploySiteID="" msdeployRemoteSitePhysicalPath="" msdeployAllowUntrustedCertificate="False" msdeploySkipExtraFilesOnServer="True" msdeployMarkAsApp="False" profileName="Profile2" publishMethod="FileSystem" replaceMatchingFiles="False" userName="" savePWD="False" userPWD="" SelectedForPublish="False">
    <file relUrl="ZohoBroker.csproj.user" publishTime="03/18/2015 14:07:26" />
    <file relUrl="web.Debug.config" publishTime="01/20/2015 15:48:48" />
    <file relUrl="bin/ZohoBroker.dll" publishTime="03/19/2015 11:11:57" />
    <file relUrl="InboundCall.cs" publishTime="03/19/2015 11:03:57" />
    <file relUrl="Default.aspx.cs" publishTime="02/24/2015 15:29:32" />
    <file relUrl="ZohoBroker.Publish.xml" publishTime="03/19/2015 11:12:00" />
    <file relUrl="Properties/Settings.settings" publishTime="01/21/2015 12:32:14" />
    <file relUrl="bin/ZohoBroker.dll.CodeAnalysisLog.xml" publishTime="03/19/2015 11:11:59" />
    <file relUrl="Properties/AssemblyInfo.cs" publishTime="01/21/2015 14:34:02" />
    <file relUrl="ZohoBroker.csproj" publishTime="03/18/2015 14:07:26" />
    <file relUrl="bin/ZohoBroker.dll.lastcodeanalysissucceeded" publishTime="03/19/2015 11:11:59" />
    <file relUrl="Encryptor.cs" publishTime="01/28/2015 10:01:10" />
    <file relUrl="web.Release.config" publishTime="01/20/2015 15:48:49" />
    <file relUrl="dbAccess.cs" publishTime="03/19/2015 09:37:22" />
    <file relUrl="Properties/Settings.Designer.cs" publishTime="01/21/2015 12:32:14" />
    <file relUrl="Default.aspx.designer.cs" publishTime="03/19/2015 09:27:48" />
    <file relUrl="web.config" publishTime="03/19/2015 09:47:45" />
    <file relUrl="Global.asax" publishTime="01/16/2015 16:07:24" />
    <file relUrl="Default.aspx" publishTime="03/19/2015 09:27:52" />
    <file relUrl="Global.asax.cs" publishTime="03/19/2015 11:11:52" />
  </publishProfile>
</publishData>