{
	"info": {
		"_postman_id": "1666aed9-3135-4021-83bf-93f93cedb52a",
		"name": "ZohoIntegration2019",
		"schema": "https://schema.getpostman.com/json/collection/v2.1.0/collection.json"
	},
	"item": [
		{
			"name": "01 Autorize Request",
			"request": {
				"method": "GET",
				"header": [],
				"url": {
					"raw": "https://accounts.zoho.com/oauth/v2/auth?scope=PhoneBridge.call.log,PhoneBridge.zohoone.search&client_id=1000.L71S7QL4RGAR41990Z5D2SED1U0K8H&state=Test1&redirect_uri=http://zoho.promero.com/zohobroker2019/&acces_type=offline&response_type=code&prompt =consent",
					"protocol": "https",
					"host": [
						"accounts",
						"zoho",
						"com"
					],
					"path": [
						"oauth",
						"v2",
						"auth"
					],
					"query": [
						{
							"key": "scope",
							"value": "PhoneBridge.call.log,PhoneBridge.zohoone.search"
						},
						{
							"key": "client_id",
							"value": "1000.L71S7QL4RGAR41990Z5D2SED1U0K8H"
						},
						{
							"key": "state",
							"value": "Test1"
						},
						{
							"key": "redirect_uri",
							"value": "http://zoho.promero.com/zohobroker2019/"
						},
						{
							"key": "acces_type",
							"value": "offline"
						},
						{
							"key": "response_type",
							"value": "code"
						},
						{
							"key": "prompt ",
							"value": "consent"
						}
					]
				}
			},
			"response": []
		},
		{
			"name": "02 Access Token",
			"request": {
				"method": "POST",
				"header": [],
				"url": {
					"raw": "https://accounts.zoho.com/oauth/v2/token?code=1000.209ffc060da22fe402366813b8c2b66c.2c0c4a1ef940272c44cbc8c71a020fc1&client_id=1000.L71S7QL4RGAR41990Z5D2SED1U0K8H&client_secret=0c38e2de31551b015cfd0d22c9d49a9bf5a892b184&redirect_uri=http://zoho.promero.com/zohobroker2019/&grant_type=authorization_code",
					"protocol": "https",
					"host": [
						"accounts",
						"zoho",
						"com"
					],
					"path": [
						"oauth",
						"v2",
						"token"
					],
					"query": [
						{
							"key": "code",
							"value": "1000.209ffc060da22fe402366813b8c2b66c.2c0c4a1ef940272c44cbc8c71a020fc1"
						},
						{
							"key": "client_id",
							"value": "1000.L71S7QL4RGAR41990Z5D2SED1U0K8H"
						},
						{
							"key": "client_secret",
							"value": "0c38e2de31551b015cfd0d22c9d49a9bf5a892b184"
						},
						{
							"key": "redirect_uri",
							"value": "http://zoho.promero.com/zohobroker2019/"
						},
						{
							"key": "grant_type",
							"value": "authorization_code"
						}
					]
				}
			},
			"response": []
		},
		{
			"name": "03 Integrate",
			"request": {
				"method": "POST",
				"header": [
					{
						"key": "Authorization",
						"value": "Zoho-oauthtoken 1000.0c5d6a77a7dc7deedbf043b85ffd19e1.99b38ce54e35e8ef90f0ea31865e4031",
						"type": "text"
					}
				],
				"url": {
					"raw": "https://www.zohoapis.com/phonebridge/v3/integrate",
					"protocol": "https",
					"host": [
						"www",
						"zohoapis",
						"com"
					],
					"path": [
						"phonebridge",
						"v3",
						"integrate"
					]
				}
			},
			"response": []
		},
		{
			"name": "04 Disable Integration",
			"request": {
				"method": "DELETE",
				"header": [
					{
						"key": "Authorization",
						"value": "Zoho-oauthtoken 1000.0c5d6a77a7dc7deedbf043b85ffd19e1.99b38ce54e35e8ef90f0ea31865e4031",
						"type": "text"
					}
				],
				"url": {
					"raw": "https://www.zohoapis.com/phonebridge/v3/integrate",
					"protocol": "https",
					"host": [
						"www",
						"zohoapis",
						"com"
					],
					"path": [
						"phonebridge",
						"v3",
						"integrate"
					]
				}
			},
			"response": []
		},
		{
			"name": "05 Enable Click to Dial",
			"request": {
				"method": "POST",
				"header": [
					{
						"key": "clicktodialuri",
						"value": "https://api.pbx.com/zoho/clicktodial",
						"type": "text",
						"disabled": true
					},
					{
						"key": "Authorization",
						"type": "text",
						"value": "Zoho-oauthtoken 1000.d1639cb54795dbbca341057f6d9ca859.2ccc8092306a3ecb300c4fedcc85f546"
					}
				],
				"url": {
					"raw": "https://www.zohoapis.com/phonebridge/v3/clicktodial?clicktodialuri=https://api.pbx.com/zoho/clicktodial",
					"protocol": "https",
					"host": [
						"www",
						"zohoapis",
						"com"
					],
					"path": [
						"phonebridge",
						"v3",
						"clicktodial"
					],
					"query": [
						{
							"key": "clicktodialuri",
							"value": "https://api.pbx.com/zoho/clicktodial"
						}
					]
				}
			},
			"response": []
		},
		{
			"name": "05 Enable Click to Dial Copy",
			"request": {
				"method": "POST",
				"header": [
					{
						"key": "clicktodialuri",
						"value": "https://api.pbx.com/zoho/clicktodial",
						"type": "text",
						"disabled": true
					},
					{
						"key": "Authorization",
						"type": "text",
						"value": "Zoho-oauthtoken 1000.d1639cb54795dbbca341057f6d9ca859.2ccc8092306a3ecb300c4fedcc85f546"
					}
				],
				"url": {
					"raw": "https://www.zohoapis.com/phonebridge/v3/clicktodial?clicktodialuri=https://api.pbx.com/zoho/clicktodial",
					"protocol": "https",
					"host": [
						"www",
						"zohoapis",
						"com"
					],
					"path": [
						"phonebridge",
						"v3",
						"clicktodial"
					],
					"query": [
						{
							"key": "clicktodialuri",
							"value": "https://api.pbx.com/zoho/clicktodial"
						}
					]
				}
			},
			"response": []
		},
		{
			"name": "06 Disable Click to Dial",
			"request": {
				"method": "DELETE",
				"header": [
					{
						"key": "clicktodialuri",
						"type": "text",
						"value": "https://api.pbx.com/zoho/clicktodial",
						"disabled": true
					},
					{
						"key": "Authorization",
						"type": "text",
						"value": "Zoho-oauthtoken 1000.d1639cb54795dbbca341057f6d9ca859.2ccc8092306a3ecb300c4fedcc85f546"
					}
				],
				"url": {
					"raw": "https://www.zohoapis.com/phonebridge/v3/clicktodial?clicktodialuri=https://api.pbx.com/zoho/clicktodial",
					"protocol": "https",
					"host": [
						"www",
						"zohoapis",
						"com"
					],
					"path": [
						"phonebridge",
						"v3",
						"clicktodial"
					],
					"query": [
						{
							"key": "clicktodialuri",
							"value": "https://api.pbx.com/zoho/clicktodial"
						}
					]
				}
			},
			"response": []
		},
		{
			"name": "07 Call Control",
			"request": {
				"method": "POST",
				"header": [
					{
						"key": "clicktodialuri",
						"value": "https://api.pbx.com/zoho/clicktodial",
						"type": "text",
						"disabled": true
					},
					{
						"key": "Authorization",
						"type": "text",
						"value": "Zoho-oauthtoken 1000.d1639cb54795dbbca341057f6d9ca859.2ccc8092306a3ecb300c4fedcc85f546"
					}
				],
				"url": {
					"raw": "https://www.zohoapis.com/phonebridge/v3/callcontrol?",
					"protocol": "https",
					"host": [
						"www",
						"zohoapis",
						"com"
					],
					"path": [
						"phonebridge",
						"v3",
						"callcontrol"
					],
					"query": [
						{
							"key": "clicktodialuri",
							"value": "https://api.pbx.com/zoho/clicktodial",
							"disabled": true
						}
					]
				}
			},
			"response": []
		},
		{
			"name": "08 Incoming Call",
			"request": {
				"method": "POST",
				"header": [
					{
						"key": "clicktodialuri",
						"value": "https://api.pbx.com/zoho/clicktodial",
						"type": "text",
						"disabled": true
					},
					{
						"key": "Authorization",
						"type": "text",
						"value": "Zoho-oauthtoken 1000.d1639cb54795dbbca341057f6d9ca859.2ccc8092306a3ecb300c4fedcc85f546"
					}
				],
				"url": {
					"raw": "https://www.zohoapis.com/phonebridge/v3/clicktodial?clicktodialuri=https://api.pbx.com/zoho/clicktodial",
					"protocol": "https",
					"host": [
						"www",
						"zohoapis",
						"com"
					],
					"path": [
						"phonebridge",
						"v3",
						"clicktodial"
					],
					"query": [
						{
							"key": "clicktodialuri",
							"value": "https://api.pbx.com/zoho/clicktodial"
						}
					]
				}
			},
			"response": []
		},
		{
			"name": "CCA TEST",
			"request": {
				"method": "GET",
				"header": [],
				"url": {
					"raw": ""
				}
			},
			"response": []
		}
	],
	"protocolProfileBehavior": {}
}